samplename,description, Lane, Library Pool ID, Library Id, Library Name, Index, Index Name,replicate,treatment,sampleid,
LIB025803_GEN00084970_S1_L001_R1.fastq.bz2,DMSO_1_L1,1,LIB025803,GEN00084970,SW01,TAAGGCGA,N701,1,DMSO,DMSO_1,
LIB025803_GEN00084970_S1_L002_R1.fastq.bz2,DMSO_1_L2,2,LIB025803,GEN00084970,SW01,TAAGGCGA,N701,1,DMSO,DMSO_1,
LIB025803_GEN00084970_S1_L003_R1.fastq.bz2,DMSO_1_L3,3,LIB025803,GEN00084970,SW01,TAAGGCGA,N701,1,DMSO,DMSO_1,
LIB025803_GEN00084970_S1_L004_R1.fastq.bz2,DMSO_1_L4,4,LIB025803,GEN00084970,SW01,TAAGGCGA,N701,1,DMSO,DMSO_1,
LIB025803_GEN00084971_S2_L001_R1.fastq.bz2,nuclei_1_L1,1,LIB025803,GEN00084971,SW02,CGTACTAG,N702,1,nuclei,nuclei_1,
LIB025803_GEN00084971_S2_L002_R1.fastq.bz2,nuclei_1_L2,2,LIB025803,GEN00084971,SW02,CGTACTAG,N702,1,nuclei,nuclei_1,
LIB025803_GEN00084971_S2_L003_R1.fastq.bz2,nuclei_1_L3,3,LIB025803,GEN00084971,SW02,CGTACTAG,N702,1,nuclei,nuclei_1,
LIB025803_GEN00084971_S2_L004_R1.fastq.bz2,nuclei_1_L4,4,LIB025803,GEN00084971,SW02,CGTACTAG,N702,1,nuclei,nuclei_1,
LIB025803_GEN00084972_S3_L001_R1.fastq.bz2,enucleate_1_L1,1,LIB025803,GEN00084972,SW03,AGGCAGAA,N703,1,enucleate,enucleate_1,
LIB025803_GEN00084972_S3_L002_R1.fastq.bz2,enucleate_1_L2,2,LIB025803,GEN00084972,SW03,AGGCAGAA,N703,1,enucleate,enucleate_1,
LIB025803_GEN00084972_S3_L003_R1.fastq.bz2,enucleate_1_L3,3,LIB025803,GEN00084972,SW03,AGGCAGAA,N703,1,enucleate,enucleate_1,
LIB025803_GEN00084972_S3_L004_R1.fastq.bz2,enucleate_1_L4,4,LIB025803,GEN00084972,SW03,AGGCAGAA,N703,1,enucleate,enucleate_1,
LIB025803_GEN00084973_S4_L001_R1.fastq.bz2,nucleated_1_L1,1,LIB025803,GEN00084973,SW04,TCCTGAGC,N704,1,nucleated,nucleated_1,
LIB025803_GEN00084973_S4_L002_R1.fastq.bz2,nucleated_1_L2,2,LIB025803,GEN00084973,SW04,TCCTGAGC,N704,1,nucleated,nucleated_1,
LIB025803_GEN00084973_S4_L003_R1.fastq.bz2,nucleated_1_L3,3,LIB025803,GEN00084973,SW04,TCCTGAGC,N704,1,nucleated,nucleated_1,
LIB025803_GEN00084973_S4_L004_R1.fastq.bz2,nucleated_1_L4,4,LIB025803,GEN00084973,SW04,TCCTGAGC,N704,1,nucleated,nucleated_1,
LIB025803_GEN00084974_S5_L001_R1.fastq.bz2,DMSO_2_L1,1,LIB025803,GEN00084974,SW05,GGACTCCT,N705,2,DMSO,DMSO_2,
LIB025803_GEN00084974_S5_L002_R1.fastq.bz2,DMSO_2_L2,2,LIB025803,GEN00084974,SW05,GGACTCCT,N705,2,DMSO,DMSO_2,
LIB025803_GEN00084974_S5_L003_R1.fastq.bz2,DMSO_2_L3,3,LIB025803,GEN00084974,SW05,GGACTCCT,N705,2,DMSO,DMSO_2,
LIB025803_GEN00084974_S5_L004_R1.fastq.bz2,DMSO_2_L4,4,LIB025803,GEN00084974,SW05,GGACTCCT,N705,2,DMSO,DMSO_2,
LIB025803_GEN00084975_S6_L001_R1.fastq.bz2,nuclei_2_L1,1,LIB025803,GEN00084975,SW06,TAGGCATG,N706,2,nuclei,nuclei_2,
LIB025803_GEN00084975_S6_L002_R1.fastq.bz2,nuclei_2_L2,2,LIB025803,GEN00084975,SW06,TAGGCATG,N706,2,nuclei,nuclei_2,
LIB025803_GEN00084975_S6_L003_R1.fastq.bz2,nuclei_2_L3,3,LIB025803,GEN00084975,SW06,TAGGCATG,N706,2,nuclei,nuclei_2,
LIB025803_GEN00084975_S6_L004_R1.fastq.bz2,nuclei_2_L4,4,LIB025803,GEN00084975,SW06,TAGGCATG,N706,2,nuclei,nuclei_2,
LIB025803_GEN00084976_S7_L001_R1.fastq.bz2,enucleate_2_L1,1,LIB025803,GEN00084976,SW07,CTCTCTAC,N707,2,enucleate,enucleate_2,
LIB025803_GEN00084976_S7_L002_R1.fastq.bz2,enucleate_2_L2,2,LIB025803,GEN00084976,SW07,CTCTCTAC,N707,2,enucleate,enucleate_2,
LIB025803_GEN00084976_S7_L003_R1.fastq.bz2,enucleate_2_L3,3,LIB025803,GEN00084976,SW07,CTCTCTAC,N707,2,enucleate,enucleate_2,
LIB025803_GEN00084976_S7_L004_R1.fastq.bz2,enucleate_2_L4,4,LIB025803,GEN00084976,SW07,CTCTCTAC,N707,2,enucleate,enucleate_2,
LIB025803_GEN00084977_S8_L001_R1.fastq.bz2,nucleated_2_L1,1,LIB025803,GEN00084977,SW08,CAGAGAGG,N708,2,nucleated,nucleated_2,
LIB025803_GEN00084977_S8_L002_R1.fastq.bz2,nucleated_2_L2,2,LIB025803,GEN00084977,SW08,CAGAGAGG,N708,2,nucleated,nucleated_2,
LIB025803_GEN00084977_S8_L003_R1.fastq.bz2,nucleated_2_L3,3,LIB025803,GEN00084977,SW08,CAGAGAGG,N708,2,nucleated,nucleated_2,
LIB025803_GEN00084977_S8_L004_R1.fastq.bz2,nucleated_2_L4,4,LIB025803,GEN00084977,SW08,CAGAGAGG,N708,2,nucleated,nucleated_2,
LIB025803_GEN00084978_S9_L001_R1.fastq.bz2,DMSO_3_L1,1,LIB025803,GEN00084978,SW09,GCTACGCT,N709,3,DMSO,DMSO_3,
LIB025803_GEN00084978_S9_L002_R1.fastq.bz2,DMSO_3_L2,2,LIB025803,GEN00084978,SW09,GCTACGCT,N709,3,DMSO,DMSO_3,
LIB025803_GEN00084978_S9_L003_R1.fastq.bz2,DMSO_3_L3,3,LIB025803,GEN00084978,SW09,GCTACGCT,N709,3,DMSO,DMSO_3,
LIB025803_GEN00084978_S9_L004_R1.fastq.bz2,DMSO_3_L4,4,LIB025803,GEN00084978,SW09,GCTACGCT,N709,3,DMSO,DMSO_3,
LIB025803_GEN00084979_S10_L001_R1.fastq.bz2,nuclei_3_L1,1,LIB025803,GEN00084979,SW10,CGAGGCTG,N710,3,nuclei,nuclei_3,
LIB025803_GEN00084979_S10_L002_R1.fastq.bz2,nuclei_3_L2,2,LIB025803,GEN00084979,SW10,CGAGGCTG,N710,3,nuclei,nuclei_3,
LIB025803_GEN00084979_S10_L003_R1.fastq.bz2,nuclei_3_L3,3,LIB025803,GEN00084979,SW10,CGAGGCTG,N710,3,nuclei,nuclei_3,
LIB025803_GEN00084979_S10_L004_R1.fastq.bz2,nuclei_3_L4,4,LIB025803,GEN00084979,SW10,CGAGGCTG,N710,3,nuclei,nuclei_3,
LIB025803_GEN00084980_S11_L001_R1.fastq.bz2,enucleate_3_L1,1,LIB025803,GEN00084980,SW11,AAGAGGCA,N711,3,enucleate,enucleate_3,
LIB025803_GEN00084980_S11_L002_R1.fastq.bz2,enucleate_3_L2,2,LIB025803,GEN00084980,SW11,AAGAGGCA,N711,3,enucleate,enucleate_3,
LIB025803_GEN00084980_S11_L003_R1.fastq.bz2,enucleate_3_L3,3,LIB025803,GEN00084980,SW11,AAGAGGCA,N711,3,enucleate,enucleate_3,
LIB025803_GEN00084980_S11_L004_R1.fastq.bz2,enucleate_3_L4,4,LIB025803,GEN00084980,SW11,AAGAGGCA,N711,3,enucleate,enucleate_3,
LIB025803_GEN00084981_S12_L001_R1.fastq.bz2,nucleated_3_L1,1,LIB025803,GEN00084981,SW12,GTAGAGGA,N712,3,nucleated,nucleated_3,
LIB025803_GEN00084981_S12_L002_R1.fastq.bz2,nucleated_3_L2,2,LIB025803,GEN00084981,SW12,GTAGAGGA,N712,3,nucleated,nucleated_3,
LIB025803_GEN00084981_S12_L003_R1.fastq.bz2,nucleated_3_L3,3,LIB025803,GEN00084981,SW12,GTAGAGGA,N712,3,nucleated,nucleated_3,
LIB025803_GEN00084981_S12_L004_R1.fastq.bz2,nucleated_3_L4,4,LIB025803,GEN00084981,SW12,GTAGAGGA,N712,3,nucleated,nucleated_3,